Event,Medal,Country,Country_Code,Athlete,Host City,Year
Men’s 5000m,Gold,Netherlands,NED,Sven KRAMER,Pyeongchang,2018
Men’s 5000m,Silver,Canada,CAN,Ted-Jan BLOEMEN,Pyeongchang,2018
Men’s 5000m,Bronze,Norway,NOR,Sverre Lunde PEDERSEN,Pyeongchang,2018
Ladies’ Mass Start,Gold,Japan,JPN,Nana TAKAGI,Pyeongchang,2018
Ladies’ Mass Start,Silver,Republic of Korea,KOR,Bo Reum KIM,Pyeongchang,2018
Ladies’ Mass Start,Bronze,Netherlands,NED,Irene SCHOUTEN,Pyeongchang,2018
Men’s 500m,Gold,Norway,NOR,Havard LORENTZEN,Pyeongchang,2018
Men’s 500m,Silver,Republic of Korea,KOR,Min Kyu CHA,Pyeongchang,2018
Men’s 500m,Bronze,People's Republic of China,CHN,Tingyu GAO,Pyeongchang,2018
Ladies’ 500m,Gold,Japan,JPN,Nao KODAIRA,Pyeongchang,2018
Ladies’ 500m,Silver,Republic of Korea,KOR,Sang-Hwa LEE,Pyeongchang,2018
Ladies’ 500m,Bronze,Czech Republic,CZE,Karolina ERBANOVA,Pyeongchang,2018
Men’s Team Pursuit,Gold,Norway,NOR,Team Norway,Pyeongchang,2018
Men’s Team Pursuit,Silver,Republic of Korea,KOR,Team Republic of Korea,Pyeongchang,2018
Men’s Team Pursuit,Bronze,Netherlands,NED,Team Netherlands,Pyeongchang,2018
Men’s 10000m,Gold,Canada,CAN,Ted-Jan BLOEMEN,Pyeongchang,2018
Men’s 10000m,Silver,Netherlands,NED,Jorrit BERGSMA,Pyeongchang,2018
Men’s 10000m,Bronze,Italy,ITA,Nicola TUMOLERO,Pyeongchang,2018
Men’s 1500m,Gold,Netherlands,NED,Kjeld NUIS,Pyeongchang,2018
Men’s 1500m,Silver,Netherlands,NED,Patrick ROEST,Pyeongchang,2018
Men’s 1500m,Bronze,Republic of Korea,KOR,Min Seok KIM,Pyeongchang,2018
Ladies’ 3000m,Gold,Netherlands,NED,Carlijn ACHTEREEKTE,Pyeongchang,2018
Ladies’ 3000m,Silver,Netherlands,NED,Ireen WÜST,Pyeongchang,2018
Ladies’ 3000m,Bronze,Netherlands,NED,Antoinette DE JONG,Pyeongchang,2018
Men’s 1000m,Gold,Netherlands,NED,Kjeld NUIS,Pyeongchang,2018
Men’s 1000m,Silver,Norway,NOR,Havard LORENTZEN,Pyeongchang,2018
Men’s 1000m,Bronze,Republic of Korea,KOR,Tae-Yun KIM,Pyeongchang,2018
Ladies’ Team Pursuit,Gold,Japan,JPN,Team Japan,Pyeongchang,2018
Ladies’ Team Pursuit,Silver,Netherlands,NED,Team Netherlands,Pyeongchang,2018
Ladies’ Team Pursuit,Bronze,United States of America,USA,Team United States of America,Pyeongchang,2018
Ladies’ 5000m,Gold,Netherlands,NED,Esmee VISSER,Pyeongchang,2018
Ladies’ 5000m,Silver,Czech Republic,CZE,Martina SABLIKOVA,Pyeongchang,2018
Ladies’ 5000m,Bronze,Olympic Athletes from Russia,OAR,Natalia VORONINA,Pyeongchang,2018
Ladies’ 1500m,Gold,Netherlands,NED,Ireen WÜST,Pyeongchang,2018
Ladies’ 1500m,Silver,Japan,JPN,Miho TAKAGI,Pyeongchang,2018
Ladies’ 1500m,Bronze,Netherlands,NED,Marrit LEENSTRA,Pyeongchang,2018
Men’s Mass Start,Gold,Republic of Korea,KOR,Seung Hoon LEE,Pyeongchang,2018
Men’s Mass Start,Silver,Belgium,BEL,Bart SWINGS,Pyeongchang,2018
Men’s Mass Start,Bronze,Netherlands,NED,Koen VERWEIJ,Pyeongchang,2018
Ladies’ 1000m,Gold,Netherlands,NED,Jorien TER MORS,Pyeongchang,2018
Ladies’ 1000m,Silver,Japan,JPN,Nao KODAIRA,Pyeongchang,2018
Ladies’ 1000m,Bronze,Japan,JPN,Miho TAKAGI,Pyeongchang,2018
Team pursuit women,Gold,Netherlands,NED,Team Netherlands,Sochi,2014
Team pursuit women,Silver,Poland,POL,Team Poland,Sochi,2014
Team pursuit women,Bronze,Russian Federation,RUS,Team Russian Federation,Sochi,2014
5000m men,Gold,Netherlands,NED,Sven KRAMER,Sochi,2014
5000m men,Silver,Netherlands,NED,Jan BLOKHUIJSEN,Sochi,2014
5000m men,Bronze,Netherlands,NED,Jorrit BERGSMA,Sochi,2014
5000m women,Gold,Czech Republic,CZE,Martina SABLIKOVA,Sochi,2014
5000m women,Silver,Netherlands,NED,Ireen WÜST,Sochi,2014
5000m women,Bronze,Netherlands,NED,Carien KLEIBEUKER,Sochi,2014
1000m men,Gold,Netherlands,NED,Stefan GROOTHUIS,Sochi,2014
1000m men,Silver,Canada,CAN,Denny MORRISON,Sochi,2014
1000m men,Bronze,Netherlands,NED,Michel MULDER,Sochi,2014
3000m women,Gold,Netherlands,NED,Ireen WÜST,Sochi,2014
3000m women,Silver,Czech Republic,CZE,Martina SABLIKOVA,Sochi,2014
3000m women,Bronze,Russian Federation,RUS,Olga GRAF,Sochi,2014
1500m men,Gold,Poland,POL,Zbigniew BRODKA,Sochi,2014
1500m men,Silver,Netherlands,NED,Koen VERWEIJ,Sochi,2014
1500m men,Bronze,Canada,CAN,Denny MORRISON,Sochi,2014
1500m women,Gold,Netherlands,NED,Jorien TER MORS,Sochi,2014
1500m women,Silver,Netherlands,NED,Ireen WÜST,Sochi,2014
1500m women,Bronze,Netherlands,NED,Lotte VAN BEEK,Sochi,2014
2x500m women,Gold,Republic of Korea,KOR,Sang-Hwa LEE,Sochi,2014
2x500m women,Silver,Russian Federation,RUS,Olga FATKULINA,Sochi,2014
2x500m women,Bronze,Netherlands,NED,Margot BOER,Sochi,2014
2x500m men,Gold,Netherlands,NED,Michel MULDER,Sochi,2014
2x500m men,Silver,Netherlands,NED,Jan SMEEKENS,Sochi,2014
2x500m men,Bronze,Netherlands,NED,Ronald MULDER,Sochi,2014
10000m men,Gold,Netherlands,NED,Jorrit BERGSMA,Sochi,2014
10000m men,Silver,Netherlands,NED,Sven KRAMER,Sochi,2014
10000m men,Bronze,Netherlands,NED,Bob Johannes Carolus DE JONG,Sochi,2014
1000m women,Gold,People's Republic of China,CHN,Hong ZHANG,Sochi,2014
1000m women,Silver,Netherlands,NED,Ireen WÜST,Sochi,2014
1000m women,Bronze,Netherlands,NED,Margot BOER,Sochi,2014
Team pursuit men,Gold,Netherlands,NED,Team Netherlands,Sochi,2014
Team pursuit men,Silver,Republic of Korea,KOR,Team Republic of Korea,Sochi,2014
Team pursuit men,Bronze,Poland,POL,Team Poland,Sochi,2014
5000m women,Gold,Czech Republic,CZE,Martina SABLIKOVA,Vancouver,2010
5000m women,Silver,Germany,GER,Stephanie BECKERT,Vancouver,2010
5000m women,Bronze,Canada,CAN,Clara HUGHES,Vancouver,2010
1000m women,Gold,Canada,CAN,Christine NESBITT,Vancouver,2010
1000m women,Silver,Netherlands,NED,Annette GERRITSEN,Vancouver,2010
1000m women,Bronze,Netherlands,NED,Laurine VAN RIESSEN,Vancouver,2010
2x500m women,Gold,Republic of Korea,KOR,Sang-Hwa LEE,Vancouver,2010
2x500m women,Silver,Germany,GER,Jenny WOLF,Vancouver,2010
2x500m women,Bronze,People's Republic of China,CHN,Beixing WANG,Vancouver,2010
1500m men,Gold,Netherlands,NED,Mark TUITERT,Vancouver,2010
1500m men,Silver,United States of America,USA,Shani DAVIS,Vancouver,2010
1500m men,Bronze,Norway,NOR,Havard BOKKO,Vancouver,2010
1500m women,Gold,Netherlands,NED,Ireen WÜST,Vancouver,2010
1500m women,Silver,Canada,CAN,Kristina GROVES,Vancouver,2010
1500m women,Bronze,Czech Republic,CZE,Martina SABLIKOVA,Vancouver,2010
Team pursuit women,Gold,Germany,GER,Team Germany,Vancouver,2010
Team pursuit women,Silver,Japan,JPN,Team Japan,Vancouver,2010
Team pursuit women,Bronze,Poland,POL,Team Poland,Vancouver,2010
Team pursuit men,Gold,Canada,CAN,Team Canada,Vancouver,2010
Team pursuit men,Silver,United States of America,USA,Team United States of America,Vancouver,2010
Team pursuit men,Bronze,Netherlands,NED,Team Netherlands,Vancouver,2010
3000m women,Gold,Czech Republic,CZE,Martina SABLIKOVA,Vancouver,2010
3000m women,Silver,Germany,GER,Stephanie BECKERT,Vancouver,2010
3000m women,Bronze,Canada,CAN,Kristina GROVES,Vancouver,2010
1000m men,Gold,United States of America,USA,Shani DAVIS,Vancouver,2010
1000m men,Silver,Republic of Korea,KOR,Tae-Bum MO,Vancouver,2010
1000m men,Bronze,United States of America,USA,Chad HEDRICK,Vancouver,2010
10000m men,Gold,Republic of Korea,KOR,Seung Hoon LEE,Vancouver,2010
10000m men,Silver,Russian Federation,RUS,Ivan SKOBREV,Vancouver,2010
10000m men,Bronze,Netherlands,NED,Bob Johannes Carolus DE JONG,Vancouver,2010
2x500m men,Gold,Republic of Korea,KOR,Tae-Bum MO,Vancouver,2010
2x500m men,Silver,Japan,JPN,Keiichiro NAGASHIMA,Vancouver,2010
2x500m men,Bronze,Japan,JPN,Joji KATO,Vancouver,2010
5000m men,Gold,Netherlands,NED,Sven KRAMER,Vancouver,2010
5000m men,Silver,Republic of Korea,KOR,Seung Hoon LEE,Vancouver,2010
5000m men,Bronze,Russian Federation,RUS,Ivan SKOBREV,Vancouver,2010
1500m women,Gold,Canada,CAN,Cindy KLASSEN,Turin,2006
1500m women,Silver,Canada,CAN,Kristina GROVES,Turin,2006
1500m women,Bronze,Netherlands,NED,Ireen WÜST,Turin,2006
2x500m women,Gold,Russian Federation,RUS,Svetlana ZHUROVA,Turin,2006
2x500m women,Silver,People's Republic of China,CHN,Manli WANG,Turin,2006
2x500m women,Bronze,People's Republic of China,CHN,Hui REN,Turin,2006
10000m men,Gold,Netherlands,NED,Bob Johannes Carolus DE JONG,Turin,2006
10000m men,Silver,United States of America,USA,Chad HEDRICK,Turin,2006
10000m men,Bronze,Netherlands,NED,Carl VERHEIJEN,Turin,2006
1000m men,Gold,United States of America,USA,Shani DAVIS,Turin,2006
1000m men,Silver,United States of America,USA,Joey CHEEK,Turin,2006
1000m men,Bronze,Netherlands,NED,Erben WENNEMARS,Turin,2006
5000m men,Gold,United States of America,USA,Chad HEDRICK,Turin,2006
5000m men,Silver,Netherlands,NED,Sven KRAMER,Turin,2006
5000m men,Bronze,Italy,ITA,Enrico FABRIS,Turin,2006
3000m women,Gold,Netherlands,NED,Ireen WÜST,Turin,2006
3000m women,Silver,Netherlands,NED,Renate GROENEWOLD,Turin,2006
3000m women,Bronze,Canada,CAN,Cindy KLASSEN,Turin,2006
1500m men,Gold,Italy,ITA,Enrico FABRIS,Turin,2006
1500m men,Silver,United States of America,USA,Shani DAVIS,Turin,2006
1500m men,Bronze,United States of America,USA,Chad HEDRICK,Turin,2006
2x500m men,Gold,United States of America,USA,Joey CHEEK,Turin,2006
2x500m men,Silver,Russian Federation,RUS,Dmitry DOROFEYEV,Turin,2006
2x500m men,Bronze,Republic of Korea,KOR,Kang Seok LEE,Turin,2006
Team pursuit men,Gold,Italy,ITA,Team Italy,Turin,2006
Team pursuit men,Silver,Canada,CAN,Team Canada,Turin,2006
Team pursuit men,Bronze,Netherlands,NED,Team Netherlands,Turin,2006
5000m women,Gold,Canada,CAN,Clara HUGHES,Turin,2006
5000m women,Silver,Germany,GER,Claudia PECHSTEIN,Turin,2006
5000m women,Bronze,Canada,CAN,Cindy KLASSEN,Turin,2006
Team pursuit women,Gold,Germany,GER,Team Germany,Turin,2006
Team pursuit women,Silver,Canada,CAN,Team Canada,Turin,2006
Team pursuit women,Bronze,Russian Federation,RUS,Team Russian Federation,Turin,2006
1000m women,Gold,Netherlands,NED,Marianne TIMMER,Turin,2006
1000m women,Silver,Canada,CAN,Cindy KLASSEN,Turin,2006
1000m women,Bronze,Germany,GER,Anni FRIESINGER,Turin,2006
5000m men,Gold,Netherlands,NED,Jochem UYTDEHAAGE,Salt-Lake-City,2002
5000m men,Silver,United States of America,USA,Derek PARRA,Salt-Lake-City,2002
5000m men,Bronze,Germany,GER,Jens BODEN,Salt-Lake-City,2002
5000m women,Gold,Germany,GER,Claudia PECHSTEIN,Salt-Lake-City,2002
5000m women,Silver,Netherlands,NED,Gretha SMIT,Salt-Lake-City,2002
5000m women,Bronze,Canada,CAN,Clara HUGHES,Salt-Lake-City,2002
10000m men,Gold,Netherlands,NED,Jochem UYTDEHAAGE,Salt-Lake-City,2002
10000m men,Silver,Netherlands,NED,Gianni ROMME,Salt-Lake-City,2002
10000m men,Bronze,Norway,NOR,Lasse SAETRE,Salt-Lake-City,2002
1500m women,Gold,Germany,GER,Anni FRIESINGER,Salt-Lake-City,2002
1500m women,Silver,Germany,GER,Sabine VOELKER,Salt-Lake-City,2002
1500m women,Bronze,United States of America,USA,Jennifer RODRIGUEZ,Salt-Lake-City,2002
500m women,Gold,Canada,CAN,Catriona LE MAY DOAN,Salt-Lake-City,2002
500m women,Silver,Germany,GER,Monique GARBRECHT-ENFELDT,Salt-Lake-City,2002
500m women,Bronze,Germany,GER,Sabine VOELKER,Salt-Lake-City,2002
1500m men,Gold,United States of America,USA,Derek PARRA,Salt-Lake-City,2002
1500m men,Silver,Netherlands,NED,Jochem UYTDEHAAGE,Salt-Lake-City,2002
1500m men,Bronze,Norway,NOR,Adne SONDRAL,Salt-Lake-City,2002
3000m women,Gold,Germany,GER,Claudia PECHSTEIN,Salt-Lake-City,2002
3000m women,Silver,Netherlands,NED,Renate GROENEWOLD,Salt-Lake-City,2002
3000m women,Bronze,Canada,CAN,Cindy KLASSEN,Salt-Lake-City,2002
500m men,Gold,United States of America,USA,Casey FITZRANDOLPH,Salt-Lake-City,2002
500m men,Silver,Japan,JPN,Hiroyasu SHIMIZU,Salt-Lake-City,2002
500m men,Bronze,United States of America,USA,Kip CARPENTER,Salt-Lake-City,2002
1000m women,Gold,United States of America,USA,Christine WITTY,Salt-Lake-City,2002
1000m women,Silver,Germany,GER,Sabine VOELKER,Salt-Lake-City,2002
1000m women,Bronze,United States of America,USA,Jennifer RODRIGUEZ,Salt-Lake-City,2002
1000m men,Gold,Netherlands,NED,Gerard VAN VELDE,Salt-Lake-City,2002
1000m men,Silver,Netherlands,NED,Jan BOS,Salt-Lake-City,2002
1000m men,Bronze,United States of America,USA,Joey CHEEK,Salt-Lake-City,2002
5000m women,Gold,Germany,GER,Claudia PECHSTEIN,Nagano,1998
5000m women,Silver,Germany,GER,Gunda NIEMANN-STIRNEMANN,Nagano,1998
5000m women,Bronze,Kazakhstan,KAZ,Lyudmila PROKASHEVA,Nagano,1998
1000m women,Gold,Netherlands,NED,Marianne TIMMER,Nagano,1998
1000m women,Silver,United States of America,USA,Christine WITTY,Nagano,1998
1000m women,Bronze,Canada,CAN,Catriona LE MAY DOAN,Nagano,1998
1000m men,Gold,Netherlands,NED,Ids POSTMA,Nagano,1998
1000m men,Silver,Netherlands,NED,Jan BOS,Nagano,1998
1000m men,Bronze,Japan,JPN,Hiroyasu SHIMIZU,Nagano,1998
3000m women,Gold,Germany,GER,Gunda NIEMANN-STIRNEMANN,Nagano,1998
3000m women,Silver,Germany,GER,Claudia PECHSTEIN,Nagano,1998
3000m women,Bronze,Germany,GER,Anni FRIESINGER,Nagano,1998
500m men,Gold,Japan,JPN,Hiroyasu SHIMIZU,Nagano,1998
500m men,Silver,Canada,CAN,Jeremy WOTHERSPOON,Nagano,1998
500m men,Bronze,Canada,CAN,Kevin OVERLAND,Nagano,1998
1500m men,Gold,Norway,NOR,Adne SONDRAL,Nagano,1998
1500m men,Silver,Netherlands,NED,Ids POSTMA,Nagano,1998
1500m men,Bronze,Netherlands,NED,Rintje RITSMA,Nagano,1998
10000m men,Gold,Netherlands,NED,Gianni ROMME,Nagano,1998
10000m men,Silver,Netherlands,NED,Bob Johannes Carolus DE JONG,Nagano,1998
10000m men,Bronze,Netherlands,NED,Rintje RITSMA,Nagano,1998
500m women,Gold,Canada,CAN,Catriona LE MAY DOAN,Nagano,1998
500m women,Silver,Canada,CAN,Susan AUCH,Nagano,1998
500m women,Bronze,Japan,JPN,Tomomi OKAZAKI,Nagano,1998
1500m women,Gold,Netherlands,NED,Marianne TIMMER,Nagano,1998
1500m women,Silver,Germany,GER,Gunda NIEMANN-STIRNEMANN,Nagano,1998
1500m women,Bronze,United States of America,USA,Christine WITTY,Nagano,1998
5000m men,Gold,Netherlands,NED,Gianni ROMME,Nagano,1998
5000m men,Silver,Netherlands,NED,Rintje RITSMA,Nagano,1998
5000m men,Bronze,Belgium,BEL,Bart VELDKAMP,Nagano,1998
1000m men,Gold,United States of America,USA,Daniel JANSEN,Lillehammer,1994
1000m men,Silver,Belarus,BLR,Igor ZHELEZOVSKY,Lillehammer,1994
1000m men,Bronze,Russian Federation,RUS,Sergey KLEVCHENYA,Lillehammer,1994
1500m men,Gold,Norway,NOR,Johann Olav KOSS,Lillehammer,1994
1500m men,Silver,Netherlands,NED,Rintje RITSMA,Lillehammer,1994
1500m men,Bronze,Netherlands,NED,Falko ZANDSTRA,Lillehammer,1994
5000m women,Gold,Germany,GER,Claudia PECHSTEIN,Lillehammer,1994
5000m women,Silver,Germany,GER,Gunda NIEMANN-STIRNEMANN,Lillehammer,1994
5000m women,Bronze,Japan,JPN,Hiromi YAMAMOTO,Lillehammer,1994
1500m women,Gold,Austria,AUT,Emese HUNYADY,Lillehammer,1994
1500m women,Silver,Russian Federation,RUS,Svetlana FEDOTKINA,Lillehammer,1994
1500m women,Bronze,Germany,GER,Gunda NIEMANN-STIRNEMANN,Lillehammer,1994
500m women,Gold,United States of America,USA,Bonnie BLAIR,Lillehammer,1994
500m women,Silver,Canada,CAN,Susan AUCH,Lillehammer,1994
500m women,Bronze,Germany,GER,Franziska SCHENK,Lillehammer,1994
3000m women,Gold,Russian Federation,RUS,Svetlana BAJANOVA,Lillehammer,1994
3000m women,Silver,Austria,AUT,Emese HUNYADY,Lillehammer,1994
3000m women,Bronze,Germany,GER,Claudia PECHSTEIN,Lillehammer,1994
10000m men,Gold,Norway,NOR,Johann Olav KOSS,Lillehammer,1994
10000m men,Silver,Norway,NOR,Kjell STORELID,Lillehammer,1994
10000m men,Bronze,Netherlands,NED,Bart VELDKAMP,Lillehammer,1994
1000m women,Gold,United States of America,USA,Bonnie BLAIR,Lillehammer,1994
1000m women,Silver,Germany,GER,Anke BAIER-LOEF,Lillehammer,1994
1000m women,Bronze,People's Republic of China,CHN,Qiaobo YE,Lillehammer,1994
5000m men,Gold,Norway,NOR,Johann Olav KOSS,Lillehammer,1994
5000m men,Silver,Norway,NOR,Kjell STORELID,Lillehammer,1994
5000m men,Bronze,Netherlands,NED,Rintje RITSMA,Lillehammer,1994
500m men,Gold,Russian Federation,RUS,Aleksandr GOLUBEV,Lillehammer,1994
500m men,Silver,Russian Federation,RUS,Sergey KLEVCHENYA,Lillehammer,1994
500m men,Bronze,Japan,JPN,Manabu HORII,Lillehammer,1994
3000m women,Gold,Germany,GER,Gunda NIEMANN-STIRNEMANN,Albertville,1992
3000m women,Silver,Germany,GER,Heike WARNICKE,Albertville,1992
3000m women,Bronze,Austria,AUT,Emese HUNYADY,Albertville,1992
1000m women,Gold,United States of America,USA,Bonnie BLAIR,Albertville,1992
1000m women,Silver,People's Republic of China,CHN,Qiaobo YE,Albertville,1992
1000m women,Bronze,Germany,GER,Monique GARBRECHT-ENFELDT,Albertville,1992
500m women,Gold,United States of America,USA,Bonnie BLAIR,Albertville,1992
500m women,Silver,People's Republic of China,CHN,Qiaobo YE,Albertville,1992
500m women,Bronze,Germany,GER,Christa LUDING-ROTHENBURGER,Albertville,1992
1500m men,Gold,Norway,NOR,Johann Olav KOSS,Albertville,1992
1500m men,Silver,Norway,NOR,Adne SONDRAL,Albertville,1992
1500m men,Bronze,Netherlands,NED,Leo VISSER,Albertville,1992
1500m women,Gold,Germany,GER,Jacqueline BÖRNER,Albertville,1992
1500m women,Silver,Germany,GER,Gunda NIEMANN-STIRNEMANN,Albertville,1992
1500m women,Bronze,Japan,JPN,Seiko HASHIMOTO,Albertville,1992
5000m men,Gold,Norway,NOR,Geir KARLSTAD,Albertville,1992
5000m men,Silver,Netherlands,NED,Falko ZANDSTRA,Albertville,1992
5000m men,Bronze,Netherlands,NED,Leo VISSER,Albertville,1992
1000m men,Gold,Germany,GER,Olaf ZINKE,Albertville,1992
1000m men,Silver,Republic of Korea,KOR,Yoon-Man KIM,Albertville,1992
1000m men,Bronze,Japan,JPN,Yukinori MIYABE,Albertville,1992
10000m men,Gold,Netherlands,NED,Bart VELDKAMP,Albertville,1992
10000m men,Silver,Norway,NOR,Johann Olav KOSS,Albertville,1992
10000m men,Bronze,Norway,NOR,Geir KARLSTAD,Albertville,1992
5000m women,Gold,Germany,GER,Gunda NIEMANN-STIRNEMANN,Albertville,1992
5000m women,Silver,Germany,GER,Heike WARNICKE,Albertville,1992
5000m women,Bronze,Germany,GER,Claudia PECHSTEIN,Albertville,1992
500m men,Gold,Germany,GER,Uwe-Jens MEY,Albertville,1992
500m men,Silver,Japan,JPN,Toshiyuki KUROIWA,Albertville,1992
500m men,Bronze,Japan,JPN,Junichi INOUE,Albertville,1992
1500m women,Gold,Netherlands,NED,Yvonne VAN GENNIP,Calgary,1988
1500m women,Silver,German Democratic Republic (Germany),GDR,Karin ENKE,Calgary,1988
1500m women,Bronze,German Democratic Republic (Germany),GDR,Andrea EHRIG,Calgary,1988
500m men,Gold,German Democratic Republic (Germany),GDR,Uwe-Jens MEY,Calgary,1988
500m men,Silver,Netherlands,NED,Jan YKEMA,Calgary,1988
500m men,Bronze,Japan,JPN,Akira KUROIWA,Calgary,1988
1500m men,Gold,German Democratic Republic (Germany),GDR,Andre HOFFMANN,Calgary,1988
1500m men,Silver,United States of America,USA,Eric FLAIM,Calgary,1988
1500m men,Bronze,Austria,AUT,Michael HADSCHIEFF,Calgary,1988
5000m men,Gold,Sweden,SWE,Tomas GUSTAFSON,Calgary,1988
5000m men,Silver,Netherlands,NED,Leo VISSER,Calgary,1988
5000m men,Bronze,Netherlands,NED,Gerard KEMKERS,Calgary,1988
1000m men,Gold,Soviet Union,URS,Nikolay GULYAEV,Calgary,1988
1000m men,Silver,German Democratic Republic (Germany),GDR,Uwe-Jens MEY,Calgary,1988
1000m men,Bronze,Soviet Union,URS,Igor ZHELEZOVSKY,Calgary,1988
3000m women,Gold,Netherlands,NED,Yvonne VAN GENNIP,Calgary,1988
3000m women,Silver,German Democratic Republic (Germany),GDR,Andrea EHRIG,Calgary,1988
3000m women,Bronze,German Democratic Republic (Germany),GDR,Gabi ZANGE,Calgary,1988
500m women,Gold,United States of America,USA,Bonnie BLAIR,Calgary,1988
500m women,Silver,German Democratic Republic (Germany),GDR,Christa LUDING-ROTHENBURGER,Calgary,1988
500m women,Bronze,German Democratic Republic (Germany),GDR,Karin ENKE,Calgary,1988
5000m women,Gold,Netherlands,NED,Yvonne VAN GENNIP,Calgary,1988
5000m women,Silver,German Democratic Republic (Germany),GDR,Andrea EHRIG,Calgary,1988
5000m women,Bronze,German Democratic Republic (Germany),GDR,Gabi ZANGE,Calgary,1988
1000m women,Gold,German Democratic Republic (Germany),GDR,Christa LUDING-ROTHENBURGER,Calgary,1988
1000m women,Silver,German Democratic Republic (Germany),GDR,Karin ENKE,Calgary,1988
1000m women,Bronze,United States of America,USA,Bonnie BLAIR,Calgary,1988
10000m men,Gold,Sweden,SWE,Tomas GUSTAFSON,Calgary,1988
10000m men,Silver,Austria,AUT,Michael HADSCHIEFF,Calgary,1988
10000m men,Bronze,Netherlands,NED,Leo VISSER,Calgary,1988
500m women,Gold,German Democratic Republic (Germany),GDR,Christa LUDING-ROTHENBURGER,Sarajevo,1984
500m women,Silver,German Democratic Republic (Germany),GDR,Karin ENKE,Sarajevo,1984
500m women,Bronze,Soviet Union,URS,Nataliya Shive-Glebova,Sarajevo,1984
5000m men,Gold,Sweden,SWE,Tomas GUSTAFSON,Sarajevo,1984
5000m men,Silver,Soviet Union,URS,Igor MALKOV,Sarajevo,1984
5000m men,Bronze,German Democratic Republic (Germany),GDR,René SCHÖFISCH,Sarajevo,1984
1000m women,Gold,German Democratic Republic (Germany),GDR,Karin ENKE,Sarajevo,1984
1000m women,Silver,German Democratic Republic (Germany),GDR,Andrea EHRIG,Sarajevo,1984
1000m women,Bronze,Soviet Union,URS,Nataliya Petrusyova,Sarajevo,1984
1000m men,Gold,Canada,CAN,Gaetan BOUCHER,Sarajevo,1984
1000m men,Silver,Soviet Union,URS,Sergey KHLEBNIKOV,Sarajevo,1984
1000m men,Bronze,Norway,NOR,Kai Arne ENGELSTAD,Sarajevo,1984
1500m women,Gold,German Democratic Republic (Germany),GDR,Karin ENKE,Sarajevo,1984
1500m women,Silver,German Democratic Republic (Germany),GDR,Andrea EHRIG,Sarajevo,1984
1500m women,Bronze,Soviet Union,URS,Nataliya Petrusyova,Sarajevo,1984
3000m women,Gold,German Democratic Republic (Germany),GDR,Andrea EHRIG,Sarajevo,1984
3000m women,Silver,German Democratic Republic (Germany),GDR,Karin ENKE,Sarajevo,1984
3000m women,Bronze,German Democratic Republic (Germany),GDR,Gabi ZANGE,Sarajevo,1984
10000m men,Gold,Soviet Union,URS,Igor MALKOV,Sarajevo,1984
10000m men,Silver,Sweden,SWE,Tomas GUSTAFSON,Sarajevo,1984
10000m men,Bronze,German Democratic Republic (Germany),GDR,René SCHÖFISCH,Sarajevo,1984
500m men,Gold,Soviet Union,URS,Sergey FOKICHEV,Sarajevo,1984
500m men,Silver,Japan,JPN,Yoshihiro KITAZAWA,Sarajevo,1984
500m men,Bronze,Canada,CAN,Gaetan BOUCHER,Sarajevo,1984
1500m men,Gold,Canada,CAN,Gaetan BOUCHER,Sarajevo,1984
1500m men,Silver,Soviet Union,URS,Sergey KHLEBNIKOV,Sarajevo,1984
1500m men,Bronze,Soviet Union,URS,Oleg BOZHYEV,Sarajevo,1984
1500m women,Gold,Netherlands,NED,Annie BORCKINK,Lake-Placid,1980
1500m women,Silver,Netherlands,NED,Adriana VISSER,Lake-Placid,1980
1500m women,Bronze,German Democratic Republic (Germany),GDR,Sabine BECKER,Lake-Placid,1980
1000m women,Gold,Soviet Union,URS,Nataliya Petrusyova,Lake-Placid,1980
1000m women,Silver,United States of America,USA,Leah MUELLER,Lake-Placid,1980
1000m women,Bronze,German Democratic Republic (Germany),GDR,Sylvia Albrecht,Lake-Placid,1980
1500m men,Gold,United States of America,USA,Eric HEIDEN,Lake-Placid,1980
1500m men,Silver,Norway,NOR,Kai Arne STENSHJEMMET,Lake-Placid,1980
1500m men,Bronze,Norway,NOR,Terje ANDERSEN,Lake-Placid,1980
10000m men,Gold,United States of America,USA,Eric HEIDEN,Lake-Placid,1980
10000m men,Silver,Netherlands,NED,Piet KLEINE,Lake-Placid,1980
10000m men,Bronze,Norway,NOR,Tom Erik OXHOLM,Lake-Placid,1980
5000m men,Gold,United States of America,USA,Eric HEIDEN,Lake-Placid,1980
5000m men,Silver,Norway,NOR,Kai Arne STENSHJEMMET,Lake-Placid,1980
5000m men,Bronze,Norway,NOR,Tom Erik OXHOLM,Lake-Placid,1980
1000m men,Gold,United States of America,USA,Eric HEIDEN,Lake-Placid,1980
1000m men,Silver,Canada,CAN,Gaetan BOUCHER,Lake-Placid,1980
1000m men,Bronze,Soviet Union,URS,Vladimir LOBANOV,Lake-Placid,1980
1000m men,Bronze,Norway,NOR,Frode RÖNNING,Lake-Placid,1980
500m women,Gold,German Democratic Republic (Germany),GDR,Karin ENKE,Lake-Placid,1980
500m women,Silver,United States of America,USA,Leah MUELLER,Lake-Placid,1980
500m women,Bronze,Soviet Union,URS,Nataliya Petrusyova,Lake-Placid,1980
3000m women,Gold,Norway,NOR,Björg Eva JENSEN,Lake-Placid,1980
3000m women,Silver,German Democratic Republic (Germany),GDR,Sabine BECKER,Lake-Placid,1980
3000m women,Bronze,United States of America,USA,Beth HEIDEN,Lake-Placid,1980
500m men,Gold,United States of America,USA,Eric HEIDEN,Lake-Placid,1980
500m men,Silver,Soviet Union,URS,Yevgeny KULIKOV,Lake-Placid,1980
500m men,Bronze,Netherlands,NED,Lieuwe DE BOER,Lake-Placid,1980
10000m men,Gold,Netherlands,NED,Piet KLEINE,Innsbruck,1976
10000m men,Silver,Norway,NOR,Sten STENSEN,Innsbruck,1976
10000m men,Bronze,Netherlands,NED,Hans VAN HELDEN,Innsbruck,1976
500m women,Gold,United States of America,USA,Sheila YOUNG,Innsbruck,1976
500m women,Silver,Canada,CAN,Cathy PRIESTNER,Innsbruck,1976
500m women,Bronze,Soviet Union,URS,Tatyana AVERINA,Innsbruck,1976
1500m women,Gold,Soviet Union,URS,Galina STEPANSKAYA,Innsbruck,1976
1500m women,Silver,United States of America,USA,Sheila YOUNG,Innsbruck,1976
1500m women,Bronze,Soviet Union,URS,Tatyana AVERINA,Innsbruck,1976
5000m men,Gold,Norway,NOR,Sten STENSEN,Innsbruck,1976
5000m men,Silver,Netherlands,NED,Piet KLEINE,Innsbruck,1976
5000m men,Bronze,Netherlands,NED,Hans VAN HELDEN,Innsbruck,1976
1500m men,Gold,Norway,NOR,Jan Egil STORHOLT,Innsbruck,1976
1500m men,Silver,Soviet Union,URS,Yury KONDAKOV,Innsbruck,1976
1500m men,Bronze,Netherlands,NED,Hans VAN HELDEN,Innsbruck,1976
3000m women,Gold,Soviet Union,URS,Tatyana AVERINA,Innsbruck,1976
3000m women,Silver,German Democratic Republic (Germany),GDR,Andrea EHRIG,Innsbruck,1976
3000m women,Bronze,Norway,NOR,Lisbeth KORSMO,Innsbruck,1976
1000m men,Gold,United States of America,USA,Peter MUELLER,Innsbruck,1976
1000m men,Silver,Norway,NOR,Jörn DIDRIKSEN,Innsbruck,1976
1000m men,Bronze,Soviet Union,URS,Valery MURATOV,Innsbruck,1976
500m men,Gold,Soviet Union,URS,Yevgeny KULIKOV,Innsbruck,1976
500m men,Silver,Soviet Union,URS,Valery MURATOV,Innsbruck,1976
500m men,Bronze,United States of America,USA,Daniel IMMERFALL,Innsbruck,1976
1000m women,Gold,Soviet Union,URS,Tatyana AVERINA,Innsbruck,1976
1000m women,Silver,United States of America,USA,Leah MUELLER,Innsbruck,1976
1000m women,Bronze,United States of America,USA,Sheila YOUNG,Innsbruck,1976
5000m men,Gold,Netherlands,NED,Ard SCHENK,Sapporo,1972
5000m men,Silver,Norway,NOR,Roar GRÖNVOLD,Sapporo,1972
5000m men,Bronze,Norway,NOR,Sten STENSEN,Sapporo,1972
3000m women,Gold,Netherlands,NED,Stien Baas-Kaiser,Sapporo,1972
3000m women,Silver,United States of America,USA,Dianne HOLUM,Sapporo,1972
3000m women,Bronze,Netherlands,NED,Atje DEELSTRA,Sapporo,1972
1000m women,Gold,Federal Republic of Germany,FRG,Monika HOLZNER-GAWENUS,Sapporo,1972
1000m women,Silver,Netherlands,NED,Atje DEELSTRA,Sapporo,1972
1000m women,Bronze,United States of America,USA,Anne HENNING,Sapporo,1972
10000m men,Gold,Netherlands,NED,Ard SCHENK,Sapporo,1972
10000m men,Silver,Netherlands,NED,Cornelis VERKERK,Sapporo,1972
10000m men,Bronze,Norway,NOR,Sten STENSEN,Sapporo,1972
1500m women,Gold,United States of America,USA,Dianne HOLUM,Sapporo,1972
1500m women,Silver,Netherlands,NED,Stien Baas-Kaiser,Sapporo,1972
1500m women,Bronze,Netherlands,NED,Atje DEELSTRA,Sapporo,1972
500m women,Gold,United States of America,USA,Anne HENNING,Sapporo,1972
500m women,Silver,Soviet Union,URS,Vera KRASNOVA,Sapporo,1972
500m women,Bronze,Soviet Union,URS,Lyudmila TITOVA,Sapporo,1972
1500m men,Gold,Netherlands,NED,Ard SCHENK,Sapporo,1972
1500m men,Silver,Norway,NOR,Roar GRÖNVOLD,Sapporo,1972
1500m men,Bronze,Sweden,SWE,Göran CLAESSON,Sapporo,1972
500m men,Gold,Federal Republic of Germany,FRG,Erhard KELLER,Sapporo,1972
500m men,Silver,Sweden,SWE,Hasse BÖRJES,Sapporo,1972
500m men,Bronze,Soviet Union,URS,Valery MURATOV,Sapporo,1972
1000m women,Gold,Netherlands,NED,Carolina GEIJSSEN,Grenoble,1968
1000m women,Silver,Soviet Union,URS,Lyudmila TITOVA,Grenoble,1968
1000m women,Bronze,United States of America,USA,Dianne HOLUM,Grenoble,1968
1500m men,Gold,Netherlands,NED,Cornelis VERKERK,Grenoble,1968
1500m men,Silver,Norway,NOR,Ivar ERIKSEN,Grenoble,1968
1500m men,Silver,Netherlands,NED,Ard SCHENK,Grenoble,1968
500m men,Gold,Federal Republic of Germany,FRG,Erhard KELLER,Grenoble,1968
500m men,Silver,United States of America,USA,Richard MCDERMOTT,Grenoble,1968
500m men,Silver,Norway,NOR,Magne THOMASSEN,Grenoble,1968
5000m men,Gold,Norway,NOR,Fred Anton MAIER,Grenoble,1968
5000m men,Silver,Netherlands,NED,Cornelis VERKERK,Grenoble,1968
5000m men,Bronze,Netherlands,NED,Petrus NOTTET,Grenoble,1968
10000m men,Gold,Sweden,SWE,Johnny HÖGLIN,Grenoble,1968
10000m men,Silver,Norway,NOR,Fred Anton MAIER,Grenoble,1968
10000m men,Bronze,Sweden,SWE,Örjan SANDLER,Grenoble,1968
1500m women,Gold,Finland,FIN,Kaija MUSTONEN,Grenoble,1968
1500m women,Silver,Netherlands,NED,Carolina GEIJSSEN,Grenoble,1968
1500m women,Bronze,Netherlands,NED,Stien Baas-Kaiser,Grenoble,1968
500m women,Gold,Soviet Union,URS,Lyudmila TITOVA,Grenoble,1968
500m women,Silver,United States of America,USA,Jennifer FISH,Grenoble,1968
500m women,Silver,United States of America,USA,Dianne HOLUM,Grenoble,1968
500m women,Silver,United States of America,USA,Mary MEYERS,Grenoble,1968
3000m women,Gold,Netherlands,NED,Johanna SCHUT,Grenoble,1968
3000m women,Silver,Finland,FIN,Kaija MUSTONEN,Grenoble,1968
3000m women,Bronze,Netherlands,NED,Stien Baas-Kaiser,Grenoble,1968
500m women,Gold,Soviet Union,URS,Lidiya SKOBLIKOVA,Innsbruck,1964
500m women,Silver,Soviet Union,URS,Irina YEGOROVA,Innsbruck,1964
500m women,Bronze,Soviet Union,URS,Tatyana SIDOROVA,Innsbruck,1964
500m men,Gold,United States of America,USA,Richard MCDERMOTT,Innsbruck,1964
500m men,Silver,Norway,NOR,Alv GJESTVANG,Innsbruck,1964
500m men,Silver,Soviet Union,URS,Yevgeny GRISHIN,Innsbruck,1964
500m men,Silver,Soviet Union,URS,Vladimir ORLOV,Innsbruck,1964
1000m women,Gold,Soviet Union,URS,Lidiya SKOBLIKOVA,Innsbruck,1964
1000m women,Silver,Soviet Union,URS,Irina YEGOROVA,Innsbruck,1964
1000m women,Bronze,Finland,FIN,Kaija MUSTONEN,Innsbruck,1964
1500m men,Gold,Soviet Union,URS,Ants ANTSON,Innsbruck,1964
1500m men,Silver,Netherlands,NED,Cornelis VERKERK,Innsbruck,1964
1500m men,Bronze,Norway,NOR,Villy HAUGEN,Innsbruck,1964
3000m women,Gold,Soviet Union,URS,Lidiya SKOBLIKOVA,Innsbruck,1964
3000m women,Silver,Democratic People's Republic of Korea,PRK,Pil-Hwa Han,Innsbruck,1964
3000m women,Silver,Soviet Union,URS,Valentina STENINA,Innsbruck,1964
5000m men,Gold,Norway,NOR,Knut JOHANNESEN,Innsbruck,1964
5000m men,Silver,Norway,NOR,Per Ivar MOE,Innsbruck,1964
5000m men,Bronze,Norway,NOR,Fred Anton MAIER,Innsbruck,1964
10000m men,Gold,Sweden,SWE,Jonny NILSSON,Innsbruck,1964
10000m men,Silver,Norway,NOR,Fred Anton MAIER,Innsbruck,1964
10000m men,Bronze,Norway,NOR,Knut JOHANNESEN,Innsbruck,1964
1500m women,Gold,Soviet Union,URS,Lidiya SKOBLIKOVA,Innsbruck,1964
1500m women,Silver,Finland,FIN,Kaija MUSTONEN,Innsbruck,1964
1500m women,Bronze,Soviet Union,URS,Berta KOLOKOLTSEVA,Innsbruck,1964
1000m women,Gold,Soviet Union,URS,Klara GUSEVA,Squaw-Valley,1960
1000m women,Silver,Germany,GER,Helga HAASE,Squaw-Valley,1960
1000m women,Bronze,Soviet Union,URS,Tamara RYLOVA,Squaw-Valley,1960
5000m men,Gold,Soviet Union,URS,Viktor KOSICHKIN,Squaw-Valley,1960
5000m men,Silver,Norway,NOR,Knut JOHANNESEN,Squaw-Valley,1960
5000m men,Bronze,Netherlands,NED,Janis PESMAN,Squaw-Valley,1960
10000m men,Gold,Norway,NOR,Knut JOHANNESEN,Squaw-Valley,1960
10000m men,Silver,Soviet Union,URS,Viktor KOSICHKIN,Squaw-Valley,1960
10000m men,Bronze,Sweden,SWE,Kjell BÄCKMAN,Squaw-Valley,1960
500m women,Gold,Germany,GER,Helga HAASE,Squaw-Valley,1960
500m women,Silver,Soviet Union,URS,Nataliya Donchenko,Squaw-Valley,1960
500m women,Bronze,United States of America,USA,Jeanne ASHWORTH,Squaw-Valley,1960
3000m women,Gold,Soviet Union,URS,Lidiya SKOBLIKOVA,Squaw-Valley,1960
3000m women,Silver,Soviet Union,URS,Valentina STENINA,Squaw-Valley,1960
3000m women,Bronze,Finland,FIN,Eevi HUTTUNEN,Squaw-Valley,1960
1500m men,Gold,Norway,NOR,Roald AAS,Squaw-Valley,1960
1500m men,Gold,Soviet Union,URS,Yevgeny GRISHIN,Squaw-Valley,1960
1500m men,Bronze,Soviet Union,URS,Boris STENIN,Squaw-Valley,1960
500m men,Gold,Soviet Union,URS,Yevgeny GRISHIN,Squaw-Valley,1960
500m men,Silver,United States of America,USA,William DISNEY,Squaw-Valley,1960
500m men,Bronze,Soviet Union,URS,Rafael GRACH,Squaw-Valley,1960
1500m women,Gold,Soviet Union,URS,Lidiya SKOBLIKOVA,Squaw-Valley,1960
1500m women,Silver,Poland,POL,Elwira SEROCZYNSKA,Squaw-Valley,1960
1500m women,Bronze,Poland,POL,Helena PILEJCZYK,Squaw-Valley,1960
5000m men,Gold,Soviet Union,URS,Boris SHILKOV,Cortina-D-Ampezzo,1956
5000m men,Silver,Sweden,SWE,Sigvard ERICSSON,Cortina-D-Ampezzo,1956
5000m men,Bronze,Soviet Union,URS,Oleg GONCHARENKO,Cortina-D-Ampezzo,1956
500m men,Gold,Soviet Union,URS,Yevgeny GRISHIN,Cortina-D-Ampezzo,1956
500m men,Silver,Soviet Union,URS,Rafael GRACH,Cortina-D-Ampezzo,1956
500m men,Bronze,Norway,NOR,Alv GJESTVANG,Cortina-D-Ampezzo,1956
10000m men,Gold,Sweden,SWE,Sigvard ERICSSON,Cortina-D-Ampezzo,1956
10000m men,Silver,Norway,NOR,Knut JOHANNESEN,Cortina-D-Ampezzo,1956
10000m men,Bronze,Soviet Union,URS,Oleg GONCHARENKO,Cortina-D-Ampezzo,1956
1500m men,Gold,Soviet Union,URS,Yevgeny GRISHIN,Cortina-D-Ampezzo,1956
1500m men,Gold,Soviet Union,URS,Yury MIKHAILOV,Cortina-D-Ampezzo,1956
1500m men,Bronze,Finland,FIN,Toivo SALONEN,Cortina-D-Ampezzo,1956
500m men,Gold,United States of America,USA,Kenneth HENRY,Oslo,1952
500m men,Silver,United States of America,USA,Donald MCDERMOTT,Oslo,1952
500m men,Bronze,Canada,CAN,Gordon AUDLEY,Oslo,1952
500m men,Bronze,Norway,NOR,Arne JOHANSEN,Oslo,1952
1500m men,Gold,Norway,NOR,Hjalmar ANDERSEN,Oslo,1952
1500m men,Silver,Netherlands,NED,Willem VAN DER VOORT,Oslo,1952
1500m men,Bronze,Norway,NOR,Roald AAS,Oslo,1952
10000m men,Gold,Norway,NOR,Hjalmar ANDERSEN,Oslo,1952
10000m men,Silver,Netherlands,NED,Cornelis BROEKMAN,Oslo,1952
10000m men,Bronze,Sweden,SWE,Carl-Erik ASPLUND,Oslo,1952
5000m men,Gold,Norway,NOR,Hjalmar ANDERSEN,Oslo,1952
5000m men,Silver,Netherlands,NED,Cornelis BROEKMAN,Oslo,1952
5000m men,Bronze,Norway,NOR,Sverre HAUGLI,Oslo,1952
500m men,Gold,Norway,NOR,Finn HELGESEN,St-Moritz,1948
500m men,Silver,United States of America,USA,Ken Bartholomew,St-Moritz,1948
500m men,Silver,Norway,NOR,Thomas BYBERG,St-Moritz,1948
500m men,Silver,United States of America,USA,Robert FITZGERALD,St-Moritz,1948
10000m men,Gold,Sweden,SWE,Ake SEYFFARTH,St-Moritz,1948
10000m men,Silver,Finland,FIN,Lauri PARKKINEN,St-Moritz,1948
10000m men,Bronze,Finland,FIN,Pentti LAMMIO,St-Moritz,1948
1500m men,Gold,Norway,NOR,Sverre FARSTAD,St-Moritz,1948
1500m men,Silver,Sweden,SWE,Ake SEYFFARTH,St-Moritz,1948
1500m men,Bronze,Norway,NOR,Odd LUNDBERG,St-Moritz,1948
5000m men,Gold,Norway,NOR,Reidar LIAKLEV,St-Moritz,1948
5000m men,Silver,Norway,NOR,Odd LUNDBERG,St-Moritz,1948
5000m men,Bronze,Sweden,SWE,Göthe HEDLUND,St-Moritz,1948
500m men,Gold,Norway,NOR,Ivar BALLANGRUD,Garmisch-Partenkirchen,1936
500m men,Silver,Norway,NOR,Georg KROG,Garmisch-Partenkirchen,1936
500m men,Bronze,United States of America,USA,Leo FREISINGER,Garmisch-Partenkirchen,1936
1500m men,Gold,Norway,NOR,Charles MATHISEN,Garmisch-Partenkirchen,1936
1500m men,Silver,Norway,NOR,Ivar BALLANGRUD,Garmisch-Partenkirchen,1936
1500m men,Bronze,Finland,FIN,Birger WASENIUS,Garmisch-Partenkirchen,1936
5000m men,Gold,Norway,NOR,Ivar BALLANGRUD,Garmisch-Partenkirchen,1936
5000m men,Silver,Finland,FIN,Birger WASENIUS,Garmisch-Partenkirchen,1936
5000m men,Bronze,Finland,FIN,Antero OJALA,Garmisch-Partenkirchen,1936
10000m men,Gold,Norway,NOR,Ivar BALLANGRUD,Garmisch-Partenkirchen,1936
10000m men,Silver,Finland,FIN,Birger WASENIUS,Garmisch-Partenkirchen,1936
10000m men,Bronze,Austria,AUT,Max STIEPL,Garmisch-Partenkirchen,1936
10000m men,Gold,United States of America,USA,Irving JAFFEE,Lake-Placid,1932
10000m men,Silver,Norway,NOR,Ivar BALLANGRUD,Lake-Placid,1932
10000m men,Bronze,Canada,CAN,Frank STACK,Lake-Placid,1932
5000m men,Gold,United States of America,USA,Irving JAFFEE,Lake-Placid,1932
5000m men,Silver,United States of America,USA,Edward MURPHY,Lake-Placid,1932
5000m men,Bronze,Canada,CAN,William F. LOGAN,Lake-Placid,1932
1500m men,Gold,United States of America,USA,Jack SHEA,Lake-Placid,1932
1500m men,Silver,Canada,CAN,Alex Hurd,Lake-Placid,1932
1500m men,Bronze,Canada,CAN,William F. LOGAN,Lake-Placid,1932
500m men,Gold,United States of America,USA,Jack SHEA,Lake-Placid,1932
500m men,Silver,Norway,NOR,Bernt EVENSEN,Lake-Placid,1932
500m men,Bronze,Canada,CAN,Alex Hurd,Lake-Placid,1932
1500m men,Gold,Finland,FIN,Clas THUNBERG,St-Moritz,1928
1500m men,Silver,Norway,NOR,Bernt EVENSEN,St-Moritz,1928
1500m men,Bronze,Norway,NOR,Ivar BALLANGRUD,St-Moritz,1928
500m men,Gold,Norway,NOR,Bernt EVENSEN,St-Moritz,1928
500m men,Gold,Finland,FIN,Clas THUNBERG,St-Moritz,1928
500m men,Bronze,United States of America,USA,John O FARRELL,St-Moritz,1928
500m men,Bronze,Finland,FIN,Jaakko FRIMAN,St-Moritz,1928
500m men,Bronze,Norway,NOR,Roald LARSEN,St-Moritz,1928
5000m men,Gold,Norway,NOR,Ivar BALLANGRUD,St-Moritz,1928
5000m men,Silver,Finland,FIN,Julius SKUTNABB,St-Moritz,1928
5000m men,Bronze,Norway,NOR,Bernt EVENSEN,St-Moritz,1928
5000m men,Gold,Finland,FIN,Clas THUNBERG,Chamonix,1924
5000m men,Silver,Finland,FIN,Julius SKUTNABB,Chamonix,1924
5000m men,Bronze,Norway,NOR,Roald LARSEN,Chamonix,1924
combined 4 events men,Gold,Finland,FIN,Clas THUNBERG,Chamonix,1924
combined 4 events men,Silver,Norway,NOR,Roald LARSEN,Chamonix,1924
combined 4 events men,Bronze,Finland,FIN,Julius SKUTNABB,Chamonix,1924
500m men,Gold,United States of America,USA,Charles JEWTRAW,Chamonix,1924
500m men,Silver,Norway,NOR,Oskar OLSEN,Chamonix,1924
500m men,Bronze,Norway,NOR,Roald LARSEN,Chamonix,1924
500m men,Bronze,Finland,FIN,Clas THUNBERG,Chamonix,1924
1500m men,Gold,Finland,FIN,Clas THUNBERG,Chamonix,1924
1500m men,Silver,Norway,NOR,Roald LARSEN,Chamonix,1924
1500m men,Bronze,Norway,NOR,Sigurd MOEN,Chamonix,1924
10000m men,Gold,Finland,FIN,Julius SKUTNABB,Chamonix,1924
10000m men,Silver,Finland,FIN,Clas THUNBERG,Chamonix,1924
10000m men,Bronze,Norway,NOR,Roald LARSEN,Chamonix,1924
